month,city,rainfall_mm
2015-01-01,Mumbai,0.0
2015-02-01,Mumbai,0.0
2015-03-01,Mumbai,28.0
2015-04-01,Mumbai,5.3
2015-05-01,Mumbai,3.0
2015-06-01,Mumbai,758.0
2015-07-01,Mumbai,596.2
2015-08-01,Mumbai,290.6
2015-09-01,Mumbai,240.6
2015-10-01,Mumbai,89.8
2015-11-01,Mumbai,33.2
2015-12-01,Mumbai,0.0
2015-01-01,Delhi,21.9
2015-02-01,Delhi,3.3
2015-03-01,Delhi,81.3
2015-04-01,Delhi,25.1
2015-05-01,Delhi,7.3
2015-06-01,Delhi,48.6
2015-07-01,Delhi,193.2
2015-08-01,Delhi,174.0
2015-09-01,Delhi,21.4
2015-10-01,Delhi,1.4
2015-11-01,Delhi,0.8
2015-12-01,Delhi,0.0
2015-01-01,Chennai,2.0
2015-02-01,Chennai,0.0
2015-03-01,Chennai,0.0
2015-04-01,Chennai,62.1
2015-05-01,Chennai,31.1
2015-06-01,Chennai,38.3
2015-07-01,Chennai,158.0
2015-08-01,Chennai,140.6
2015-09-01,Chennai,82.9
2015-10-01,Chennai,181.3
2015-11-01,Chennai,1089.2
2015-12-01,Chennai,547.5
2015-01-01,Kolkata,23.1
2015-02-01,Kolkata,5.8
2015-03-01,Kolkata,23.6
2015-04-01,Kolkata,132.9
2015-05-01,Kolkata,49.1
2015-06-01,Kolkata,255.7
2015-07-01,Kolkata,698.3
2015-08-01,Kolkata,390.0
2015-09-01,Kolkata,199.4
2015-10-01,Kolkata,31.6
2015-11-01,Kolkata,0.3
2015-12-01,Kolkata,6.2
2015-01-01,Bengaluru,9.1
2015-02-01,Bengaluru,0.0
2015-03-01,Bengaluru,39.2
2015-04-01,Bengaluru,136.3
2015-05-01,Bengaluru,133.2
2015-06-01,Bengaluru,71.3
2015-07-01,Bengaluru,52.7
2015-08-01,Bengaluru,119.0
2015-09-01,Bengaluru,220.9
2015-10-01,Bengaluru,134.2
2015-11-01,Bengaluru,238.2
2015-12-01,Bengaluru,6.4
2015-01-01,Hyderabad,3.0
2015-02-01,Hyderabad,0.0
2015-03-01,Hyderabad,18.9
2015-04-01,Hyderabad,75.3
2015-05-01,Hyderabad,17.7
2015-06-01,Hyderabad,154.6
2015-07-01,Hyderabad,51.4
2015-08-01,Hyderabad,115.8
2015-09-01,Hyderabad,140.3
2015-10-01,Hyderabad,30.7
2015-11-01,Hyderabad,0.6
2015-12-01,Hyderabad,0.0
2015-01-01,Jaipur,9.1
2015-02-01,Jaipur,0.2
2015-03-01,Jaipur,71.4
2015-04-01,Jaipur,20.5
2015-05-01,Jaipur,0.3
2015-06-01,Jaipur,65.9
2015-07-01,Jaipur,174.7
2015-08-01,Jaipur,84.9
2015-09-01,Jaipur,8.2
2015-10-01,Jaipur,20.0
2015-11-01,Jaipur,0.3
2015-12-01,Jaipur,0.0
2015-01-01,Ahmedabad,4.0
2015-02-01,Ahmedabad,0.0
2015-03-01,Ahmedabad,7.5
2015-04-01,Ahmedabad,6.5
2015-05-01,Ahmedabad,3.0
2015-06-01,Ahmedabad,110.0
2015-07-01,Ahmedabad,314.9
2015-08-01,Ahmedabad,28.6
2015-09-01,Ahmedabad,79.4
2015-10-01,Ahmedabad,0.0
2015-11-01,Ahmedabad,0.0
2015-12-01,Ahmedabad,0.0
2015-01-01,Bhopal,40.3
2015-02-01,Bhopal,1.8
2015-03-01,Bhopal,41.7
2015-04-01,Bhopal,5.0
2015-05-01,Bhopal,4.4
2015-06-01,Bhopal,137.0
2015-07-01,Bhopal,499.7
2015-08-01,Bhopal,316.7
2015-09-01,Bhopal,44.8
2015-10-01,Bhopal,3.3
2015-11-01,Bhopal,0.0
2015-12-01,Bhopal,0.0
2015-01-01,Nagpur,7.4
2015-02-01,Nagpur,16.4
2015-03-01,Nagpur,68.7
2015-04-01,Nagpur,27.1
2015-05-01,Nagpur,16.5
2015-06-01,Nagpur,285.7
2015-07-01,Nagpur,192.0
2015-08-01,Nagpur,370.7
2015-09-01,Nagpur,166.8
2015-10-01,Nagpur,18.0
2015-11-01,Nagpur,0.1
2015-12-01,Nagpur,0.3
2015-01-01,Guwahati,10.6
2015-02-01,Guwahati,15.2
2015-03-01,Guwahati,30.9
2015-04-01,Guwahati,159.0
2015-05-01,Guwahati,261.8
2015-06-01,Guwahati,252.7
2015-07-01,Guwahati,220.3
2015-08-01,Guwahati,435.9
2015-09-01,Guwahati,245.9
2015-10-01,Guwahati,66.2
2015-11-01,Guwahati,23.6
2015-12-01,Guwahati,11.6
2015-01-01,Thiruvananthapuram,8.2
2015-02-01,Thiruvananthapuram,4.5
2015-03-01,Thiruvananthapuram,65.2
2015-04-01,Thiruvananthapuram,218.2
2015-05-01,Thiruvananthapuram,267.1
2015-06-01,Thiruvananthapuram,273.1
2015-07-01,Thiruvananthapuram,52.9
2015-08-01,Thiruvananthapuram,52.5
2015-09-01,Thiruvananthapuram,237.4
2015-10-01,Thiruvananthapuram,334.3
2015-11-01,Thiruvananthapuram,322.2
2015-12-01,Thiruvananthapuram,170.3
2016-01-01,Mumbai,0.0
2016-02-01,Mumbai,0.0
2016-03-01,Mumbai,6.4
2016-04-01,Mumbai,0.0
2016-05-01,Mumbai,10.7
2016-06-01,Mumbai,474.2
2016-07-01,Mumbai,1168.3
2016-08-01,Mumbai,803.3
2016-09-01,Mumbai,701.5
2016-10-01,Mumbai,86.0
2016-11-01,Mumbai,0.0
2016-12-01,Mumbai,0.0
2016-01-01,Delhi,0.0
2016-02-01,Delhi,0.3
2016-03-01,Delhi,15.9
2016-04-01,Delhi,0.0
2016-05-01,Delhi,25.8
2016-06-01,Delhi,41.7
2016-07-01,Delhi,203.4
2016-08-01,Delhi,135.4
2016-09-01,Delhi,54.5
2016-10-01,Delhi,10.1
2016-11-01,Delhi,0.0
2016-12-01,Delhi,0.0
2016-01-01,Chennai,0.4
2016-02-01,Chennai,0.0
2016-03-01,Chennai,0.0
2016-04-01,Chennai,0.0
2016-05-01,Chennai,236.9
2016-06-01,Chennai,101.8
2016-07-01,Chennai,60.1
2016-08-01,Chennai,62.4
2016-09-01,Chennai,242.8
2016-10-01,Chennai,11.8
2016-11-01,Chennai,62.2
2016-12-01,Chennai,240.2
2016-01-01,Kolkata,2.4
2016-02-01,Kolkata,66.5
2016-03-01,Kolkata,11.8
2016-04-01,Kolkata,2.9
2016-05-01,Kolkata,126.1
2016-06-01,Kolkata,209.7
2016-07-01,Kolkata,404.2
2016-08-01,Kolkata,459.3
2016-09-01,Kolkata,144.7
2016-10-01,Kolkata,78.5
2016-11-01,Kolkata,35.8
2016-12-01,Kolkata,0.0
2016-01-01,Bengaluru,2.3
2016-02-01,Bengaluru,0.0
2016-03-01,Bengaluru,13.8
2016-04-01,Bengaluru,3.7
2016-05-01,Bengaluru,152.7
2016-06-01,Bengaluru,141.6
2016-07-01,Bengaluru,214.0
2016-08-01,Bengaluru,41.6
2016-09-01,Bengaluru,33.1
2016-10-01,Bengaluru,29.5
2016-11-01,Bengaluru,5.4
2016-12-01,Bengaluru,70.9
2016-01-01,Hyderabad,1.1
2016-02-01,Hyderabad,0.0
2016-03-01,Hyderabad,4.8
2016-04-01,Hyderabad,7.7
2016-05-01,Hyderabad,78.0
2016-06-01,Hyderabad,138.0
2016-07-01,Hyderabad,162.9
2016-08-01,Hyderabad,112.8
2016-09-01,Hyderabad,384.8
2016-10-01,Hyderabad,43.0
2016-11-01,Hyderabad,0.8
2016-12-01,Hyderabad,0.8
2016-01-01,Jaipur,0.3
2016-02-01,Jaipur,1.5
2016-03-01,Jaipur,3.1
2016-04-01,Jaipur,0.0
2016-05-01,Jaipur,9.4
2016-06-01,Jaipur,28.0
2016-07-01,Jaipur,315.6
2016-08-01,Jaipur,230.8
2016-09-01,Jaipur,24.7
2016-10-01,Jaipur,20.6
2016-11-01,Jaipur,0.0
2016-12-01,Jaipur,0.0
2016-01-01,Ahmedabad,0.0
2016-02-01,Ahmedabad,0.0
2016-03-01,Ahmedabad,1.4
2016-04-01,Ahmedabad,0.0
2016-05-01,Ahmedabad,0.1
2016-06-01,Ahmedabad,12.4
2016-07-01,Ahmedabad,174.7
2016-08-01,Ahmedabad,244.5
2016-09-01,Ahmedabad,52.3
2016-10-01,Ahmedabad,87.8
2016-11-01,Ahmedabad,0.0
2016-12-01,Ahmedabad,0.0
2016-01-01,Bhopal,12.8
2016-02-01,Bhopal,0.2
2016-03-01,Bhopal,6.6
2016-04-01,Bhopal,0.0
2016-05-01,Bhopal,6.8
2016-06-01,Bhopal,127.1
2016-07-01,Bhopal,693.2
2016-08-01,Bhopal,552.7
2016-09-01,Bhopal,121.3
2016-10-01,Bhopal,56.8
2016-11-01,Bhopal,0.0
2016-12-01,Bhopal,0.0
2016-01-01,Nagpur,1.3
2016-02-01,Nagpur,22.1
2016-03-01,Nagpur,18.7
2016-04-01,Nagpur,3.8
2016-05-01,Nagpur,10.7
2016-06-01,Nagpur,132.7
2016-07-01,Nagpur,417.2
2016-08-01,Nagpur,128.7
2016-09-01,Nagpur,154.2
2016-10-01,Nagpur,71.5
2016-11-01,Nagpur,0.0
2016-12-01,Nagpur,0.0
2016-01-01,Guwahati,10.7
2016-02-01,Guwahati,1.8
2016-03-01,Guwahati,35.5
2016-04-01,Guwahati,197.6
2016-05-01,Guwahati,231.2
2016-06-01,Guwahati,224.4
2016-07-01,Guwahati,303.5
2016-08-01,Guwahati,109.8
2016-09-01,Guwahati,258.1
2016-10-01,Guwahati,121.3
2016-11-01,Guwahati,10.6
2016-12-01,Guwahati,4.3
2016-01-01,Thiruvananthapuram,4.2
2016-02-01,Thiruvananthapuram,16.4
2016-03-01,Thiruvananthapuram,22.5
2016-04-01,Thiruvananthapuram,43.2
2016-05-01,Thiruvananthapuram,285.2
2016-06-01,Thiruvananthapuram,289.6
2016-07-01,Thiruvananthapuram,85.8
2016-08-01,Thiruvananthapuram,29.0
2016-09-01,Thiruvananthapuram,12.0
2016-10-01,Thiruvananthapuram,67.8
2016-11-01,Thiruvananthapuram,93.1
2016-12-01,Thiruvananthapuram,22.8
2017-01-01,Mumbai,0.0
2017-02-01,Mumbai,0.0
2017-03-01,Mumbai,0.0
2017-04-01,Mumbai,0.0
2017-05-01,Mumbai,1.9
2017-06-01,Mumbai,816.8
2017-07-01,Mumbai,1223.2
2017-08-01,Mumbai,981.3
2017-09-01,Mumbai,517.2
2017-10-01,Mumbai,159.8
2017-11-01,Mumbai,0.8
2017-12-01,Mumbai,38.4
2017-01-01,Delhi,23.0
2017-02-01,Delhi,0.0
2017-03-01,Delhi,7.3
2017-04-01,Delhi,7.9
2017-05-01,Delhi,14.4
2017-06-01,Delhi,94.9
2017-07-01,Delhi,98.4
2017-08-01,Delhi,86.7
2017-09-01,Delhi,164.3
2017-10-01,Delhi,0.0
2017-11-01,Delhi,0.2
2017-12-01,Delhi,4.4
2017-01-01,Chennai,4.8
2017-02-01,Chennai,0.0
2017-03-01,Chennai,0.0
2017-04-01,Chennai,0.0
2017-05-01,Chennai,7.6
2017-06-01,Chennai,67.2
2017-07-01,Chennai,105.0
2017-08-01,Chennai,264.4
2017-09-01,Chennai,95.3
2017-10-01,Chennai,319.7
2017-11-01,Chennai,498.8
2017-12-01,Chennai,52.1
2017-01-01,Kolkata,0.0
2017-02-01,Kolkata,0.0
2017-03-01,Kolkata,59.0
2017-04-01,Kolkata,3.2
2017-05-01,Kolkata,71.1
2017-06-01,Kolkata,223.2
2017-07-01,Kolkata,508.3
2017-08-01,Kolkata,350.5
2017-09-01,Kolkata,191.7
2017-10-01,Kolkata,323.4
2017-11-01,Kolkata,24.5
2017-12-01,Kolkata,30.6
2017-01-01,Bengaluru,0.5
2017-02-01,Bengaluru,0.0
2017-03-01,Bengaluru,33.8
2017-04-01,Bengaluru,41.8
2017-05-01,Bengaluru,211.4
2017-06-01,Bengaluru,31.3
2017-07-01,Bengaluru,29.2
2017-08-01,Bengaluru,208.1
2017-09-01,Bengaluru,393.6
2017-10-01,Bengaluru,246.7
2017-11-01,Bengaluru,23.4
2017-12-01,Bengaluru,14.8
2017-01-01,Hyderabad,0.0
2017-02-01,Hyderabad,0.0
2017-03-01,Hyderabad,2.8
2017-04-01,Hyderabad,12.4
2017-05-01,Hyderabad,20.6
2017-06-01,Hyderabad,227.2
2017-07-01,Hyderabad,135.9
2017-08-01,Hyderabad,161.0
2017-09-01,Hyderabad,158.2
2017-10-01,Hyderabad,192.9
2017-11-01,Hyderabad,0.2
2017-12-01,Hyderabad,0.0
2017-01-01,Jaipur,18.1
2017-02-01,Jaipur,0.0
2017-03-01,Jaipur,5.7
2017-04-01,Jaipur,0.7
2017-05-01,Jaipur,14.5
2017-06-01,Jaipur,100.0
2017-07-01,Jaipur,133.2
2017-08-01,Jaipur,111.4
2017-09-01,Jaipur,28.0
2017-10-01,Jaipur,0.0
2017-11-01,Jaipur,0.0
2017-12-01,Jaipur,4.5
2017-01-01,Ahmedabad,0.0
2017-02-01,Ahmedabad,0.0
2017-03-01,Ahmedabad,0.0
2017-04-01,Ahmedabad,0.0
2017-05-01,Ahmedabad,0.2
2017-06-01,Ahmedabad,107.8
2017-07-01,Ahmedabad,621.6
2017-08-01,Ahmedabad,135.8
2017-09-01,Ahmedabad,73.2
2017-10-01,Ahmedabad,0.7
2017-11-01,Ahmedabad,0.0
2017-12-01,Ahmedabad,4.9
2017-01-01,Bhopal,2.2
2017-02-01,Bhopal,2.7
2017-03-01,Bhopal,0.5
2017-04-01,Bhopal,0.0
2017-05-01,Bhopal,11.8
2017-06-01,Bhopal,123.3
2017-07-01,Bhopal,385.6
2017-08-01,Bhopal,181.3
2017-09-01,Bhopal,182.9
2017-10-01,Bhopal,2.2
2017-11-01,Bhopal,4.4
2017-12-01,Bhopal,0.1
2017-01-01,Nagpur,0.5
2017-02-01,Nagpur,0.0
2017-03-01,Nagpur,2.3
2017-04-01,Nagpur,0.0
2017-05-01,Nagpur,13.8
2017-06-01,Nagpur,140.7
2017-07-01,Nagpur,239.9
2017-08-01,Nagpur,331.9
2017-09-01,Nagpur,151.2
2017-10-01,Nagpur,42.0
2017-11-01,Nagpur,0.0
2017-12-01,Nagpur,0.0
2017-01-01,Guwahati,4.6
2017-02-01,Guwahati,5.8
2017-03-01,Guwahati,66.5
2017-04-01,Guwahati,200.3
2017-05-01,Guwahati,159.5
2017-06-01,Guwahati,292.3
2017-07-01,Guwahati,239.5
2017-08-01,Guwahati,373.8
2017-09-01,Guwahati,175.4
2017-10-01,Guwahati,163.5
2017-11-01,Guwahati,22.7
2017-12-01,Guwahati,1.5
2017-01-01,Thiruvananthapuram,21.6
2017-02-01,Thiruvananthapuram,1.8
2017-03-01,Thiruvananthapuram,58.7
2017-04-01,Thiruvananthapuram,44.9
2017-05-01,Thiruvananthapuram,156.3
2017-06-01,Thiruvananthapuram,212.0
2017-07-01,Thiruvananthapuram,31.3
2017-08-01,Thiruvananthapuram,87.0
2017-09-01,Thiruvananthapuram,234.8
2017-10-01,Thiruvananthapuram,193.4
2017-11-01,Thiruvananthapuram,289.8
2017-12-01,Thiruvananthapuram,229.1
2018-01-01,Mumbai,0.0
2018-02-01,Mumbai,0.0
2018-03-01,Mumbai,0.2
2018-04-01,Mumbai,0.0
2018-05-01,Mumbai,0.1
2018-06-01,Mumbai,798.6
2018-07-01,Mumbai,1341.0
2018-08-01,Mumbai,546.9
2018-09-01,Mumbai,137.1
2018-10-01,Mumbai,28.3
2018-11-01,Mumbai,24.5
2018-12-01,Mumbai,0.0
2018-01-01,Delhi,2.4
2018-02-01,Delhi,0.0
2018-03-01,Delhi,0.0
2018-04-01,Delhi,6.8
2018-05-01,Delhi,9.5
2018-06-01,Delhi,42.8
2018-07-01,Delhi,208.7
2018-08-01,Delhi,95.3
2018-09-01,Delhi,158.1
2018-10-01,Delhi,0.1
2018-11-01,Delhi,3.7
2018-12-01,Delhi,0.3
2018-01-01,Chennai,2.7
2018-02-01,Chennai,0.5
2018-03-01,Chennai,4.6
2018-04-01,Chennai,0.0
2018-05-01,Chennai,0.0
2018-06-01,Chennai,45.7
2018-07-01,Chennai,66.8
2018-08-01,Chennai,166.6
2018-09-01,Chennai,79.3
2018-10-01,Chennai,175.2
2018-11-01,Chennai,245.1
2018-12-01,Chennai,104.0
2018-01-01,Kolkata,0.0
2018-02-01,Kolkata,0.0
2018-03-01,Kolkata,2.9
2018-04-01,Kolkata,65.3
2018-05-01,Kolkata,137.2
2018-06-01,Kolkata,254.3
2018-07-01,Kolkata,400.2
2018-08-01,Kolkata,233.3
2018-09-01,Kolkata,153.9
2018-10-01,Kolkata,99.8
2018-11-01,Kolkata,1.8
2018-12-01,Kolkata,14.9
2018-01-01,Bengaluru,0.0
2018-02-01,Bengaluru,4.4
2018-03-01,Bengaluru,43.9
2018-04-01,Bengaluru,26.6
2018-05-01,Bengaluru,210.2
2018-06-01,Bengaluru,69.6
2018-07-01,Bengaluru,45.4
2018-08-01,Bengaluru,73.5
2018-09-01,Bengaluru,158.6
2018-10-01,Bengaluru,89.1
2018-11-01,Bengaluru,17.4
2018-12-01,Bengaluru,7.1
2018-01-01,Hyderabad,0.0
2018-02-01,Hyderabad,0.0
2018-03-01,Hyderabad,5.4
2018-04-01,Hyderabad,33.4
2018-05-01,Hyderabad,49.5
2018-06-01,Hyderabad,149.5
2018-07-01,Hyderabad,101.3
2018-08-01,Hyderabad,151.8
2018-09-01,Hyderabad,88.6
2018-10-01,Hyderabad,21.7
2018-11-01,Hyderabad,0.0
2018-12-01,Hyderabad,23.7
2018-01-01,Jaipur,0.3
2018-02-01,Jaipur,0.0
2018-03-01,Jaipur,0.0
2018-04-01,Jaipur,4.6
2018-05-01,Jaipur,1.1
2018-06-01,Jaipur,69.4
2018-07-01,Jaipur,212.0
2018-08-01,Jaipur,122.7
2018-09-01,Jaipur,117.7
2018-10-01,Jaipur,0.4
2018-11-01,Jaipur,0.0
2018-12-01,Jaipur,4.5
2018-01-01,Ahmedabad,0.0
2018-02-01,Ahmedabad,0.0
2018-03-01,Ahmedabad,0.0
2018-04-01,Ahmedabad,0.9
2018-05-01,Ahmedabad,0.0
2018-06-01,Ahmedabad,33.1
2018-07-01,Ahmedabad,172.3
2018-08-01,Ahmedabad,184.4
2018-09-01,Ahmedabad,36.4
2018-10-01,Ahmedabad,0.0
2018-11-01,Ahmedabad,0.0
2018-12-01,Ahmedabad,0.0
2018-01-01,Bhopal,0.0
2018-02-01,Bhopal,10.5
2018-03-01,Bhopal,0.6
2018-04-01,Bhopal,2.5
2018-05-01,Bhopal,0.2
2018-06-01,Bhopal,140.1
2018-07-01,Bhopal,386.7
2018-08-01,Bhopal,223.2
2018-09-01,Bhopal,104.1
2018-10-01,Bhopal,5.9
2018-11-01,Bhopal,0.0
2018-12-01,Bhopal,0.1
2018-01-01,Nagpur,0.0
2018-02-01,Nagpur,19.4
2018-03-01,Nagpur,0.8
2018-04-01,Nagpur,7.2
2018-05-01,Nagpur,17.5
2018-06-01,Nagpur,229.3
2018-07-01,Nagpur,414.1
2018-08-01,Nagpur,240.0
2018-09-01,Nagpur,110.4
2018-10-01,Nagpur,0.0
2018-11-01,Nagpur,0.0
2018-12-01,Nagpur,10.1
2018-01-01,Guwahati,2.0
2018-02-01,Guwahati,5.1
2018-03-01,Guwahati,26.1
2018-04-01,Guwahati,99.7
2018-05-01,Guwahati,140.0
2018-06-01,Guwahati,241.4
2018-07-01,Guwahati,197.6
2018-08-01,Guwahati,225.6
2018-09-01,Guwahati,162.8
2018-10-01,Guwahati,51.2
2018-11-01,Guwahati,8.9
2018-12-01,Guwahati,19.1
2018-01-01,Thiruvananthapuram,7.9
2018-02-01,Thiruvananthapuram,12.6
2018-03-01,Thiruvananthapuram,52.7
2018-04-01,Thiruvananthapuram,90.1
2018-05-01,Thiruvananthapuram,186.9
2018-06-01,Thiruvananthapuram,242.4
2018-07-01,Thiruvananthapuram,179.1
2018-08-01,Thiruvananthapuram,312.6
2018-09-01,Thiruvananthapuram,67.4
2018-10-01,Thiruvananthapuram,235.0
2018-11-01,Thiruvananthapuram,211.6
2018-12-01,Thiruvananthapuram,42.1
2019-01-01,Mumbai,0.0
2019-02-01,Mumbai,0.0
2019-03-01,Mumbai,0.0
2019-04-01,Mumbai,0.3
2019-05-01,Mumbai,0.0
2019-06-01,Mumbai,515.1
2019-07-01,Mumbai,1817.1
2019-08-01,Mumbai,938.8
2019-09-01,Mumbai,1148.9
2019-10-01,Mumbai,200.5
2019-11-01,Mumbai,34.8
2019-12-01,Mumbai,0.7
2019-01-01,Delhi,29.6
2019-02-01,Delhi,27.9
2019-03-01,Delhi,8.7
2019-04-01,Delhi,4.0
2019-05-01,Delhi,25.4
2019-06-01,Delhi,7.6
2019-07-01,Delhi,141.1
2019-08-01,Delhi,132.0
2019-09-01,Delhi,47.5
2019-10-01,Delhi,14.9
2019-11-01,Delhi,3.2
2019-12-01,Delhi,33.6
2019-01-01,Chennai,0.0
2019-02-01,Chennai,0.6
2019-03-01,Chennai,0.0
2019-04-01,Chennai,0.6
2019-05-01,Chennai,0.0
2019-06-01,Chennai,33.9
2019-07-01,Chennai,129.6
2019-08-01,Chennai,172.6
2019-09-01,Chennai,178.1
2019-10-01,Chennai,349.9
2019-11-01,Chennai,167.8
2019-12-01,Chennai,203.3
2019-01-01,Kolkata,0.0
2019-02-01,Kolkata,154.3
2019-03-01,Kolkata,69.8
2019-04-01,Kolkata,84.1
2019-05-01,Kolkata,91.8
2019-06-01,Kolkata,100.8
2019-07-01,Kolkata,179.1
2019-08-01,Kolkata,445.7
2019-09-01,Kolkata,284.8
2019-10-01,Kolkata,173.8
2019-11-01,Kolkata,164.3
2019-12-01,Kolkata,11.3
2019-01-01,Bengaluru,2.6
2019-02-01,Bengaluru,29.9
2019-03-01,Bengaluru,0.0
2019-04-01,Bengaluru,50.1
2019-05-01,Bengaluru,142.9
2019-06-01,Bengaluru,71.9
2019-07-01,Bengaluru,44.7
2019-08-01,Bengaluru,113.6
2019-09-01,Bengaluru,154.7
2019-10-01,Bengaluru,232.3
2019-11-01,Bengaluru,29.8
2019-12-01,Bengaluru,13.6
2019-01-01,Hyderabad,17.6
2019-02-01,Hyderabad,1.2
2019-03-01,Hyderabad,0.1
2019-04-01,Hyderabad,30.8
2019-05-01,Hyderabad,18.5
2019-06-01,Hyderabad,82.6
2019-07-01,Hyderabad,140.4
2019-08-01,Hyderabad,159.1
2019-09-01,Hyderabad,258.4
2019-10-01,Hyderabad,181.0
2019-11-01,Hyderabad,0.5
2019-12-01,Hyderabad,2.8
2019-01-01,Jaipur,7.8
2019-02-01,Jaipur,2.0
2019-03-01,Jaipur,0.0
2019-04-01,Jaipur,22.2
2019-05-01,Jaipur,9.4
2019-06-01,Jaipur,29.3
2019-07-01,Jaipur,335.7
2019-08-01,Jaipur,281.1
2019-09-01,Jaipur,90.1
2019-10-01,Jaipur,8.8
2019-11-01,Jaipur,0.6
2019-12-01,Jaipur,2.9
2019-01-01,Ahmedabad,0.0
2019-02-01,Ahmedabad,0.0
2019-03-01,Ahmedabad,0.0
2019-04-01,Ahmedabad,0.7
2019-05-01,Ahmedabad,0.0
2019-06-01,Ahmedabad,82.8
2019-07-01,Ahmedabad,122.1
2019-08-01,Ahmedabad,492.2
2019-09-01,Ahmedabad,246.4
2019-10-01,Ahmedabad,57.4
2019-11-01,Ahmedabad,3.4
2019-12-01,Ahmedabad,1.0
2019-01-01,Bhopal,0.0
2019-02-01,Bhopal,3.4
2019-03-01,Bhopal,1.9
2019-04-01,Bhopal,9.1
2019-05-01,Bhopal,2.7
2019-06-01,Bhopal,88.6
2019-07-01,Bhopal,528.2
2019-08-01,Bhopal,545.0
2019-09-01,Bhopal,574.3
2019-10-01,Bhopal,72.7
2019-11-01,Bhopal,3.1
2019-12-01,Bhopal,15.9
2019-01-01,Nagpur,12.9
2019-02-01,Nagpur,1.9
2019-03-01,Nagpur,4.0
2019-04-01,Nagpur,1.7
2019-05-01,Nagpur,0.0
2019-06-01,Nagpur,86.2
2019-07-01,Nagpur,415.6
2019-08-01,Nagpur,310.2
2019-09-01,Nagpur,378.5
2019-10-01,Nagpur,43.8
2019-11-01,Nagpur,4.3
2019-12-01,Nagpur,7.3
2019-01-01,Guwahati,2.6
2019-02-01,Guwahati,10.4
2019-03-01,Guwahati,39.7
2019-04-01,Guwahati,142.1
2019-05-01,Guwahati,241.3
2019-06-01,Guwahati,200.6
2019-07-01,Guwahati,318.5
2019-08-01,Guwahati,171.1
2019-09-01,Guwahati,241.9
2019-10-01,Guwahati,158.0
2019-11-01,Guwahati,17.4
2019-12-01,Guwahati,1.8
2019-01-01,Thiruvananthapuram,1.2
2019-02-01,Thiruvananthapuram,14.4
2019-03-01,Thiruvananthapuram,7.0
2019-04-01,Thiruvananthapuram,69.9
2019-05-01,Thiruvananthapuram,59.0
2019-06-01,Thiruvananthapuram,164.5
2019-07-01,Thiruvananthapuram,99.6
2019-08-01,Thiruvananthapuram,256.8
2019-09-01,Thiruvananthapuram,240.2
2019-10-01,Thiruvananthapuram,342.0
2019-11-01,Thiruvananthapuram,153.6
2019-12-01,Thiruvananthapuram,102.4
2020-01-01,Mumbai,0.0
2020-02-01,Mumbai,0.0
2020-03-01,Mumbai,0.6
2020-04-01,Mumbai,1.6
2020-05-01,Mumbai,1.3
2020-06-01,Mumbai,432.4
2020-07-01,Mumbai,942.6
2020-08-01,Mumbai,1396.8
2020-09-01,Mumbai,408.2
2020-10-01,Mumbai,199.2
2020-11-01,Mumbai,0.1
2020-12-01,Mumbai,12.2
2020-01-01,Delhi,23.6
2020-02-01,Delhi,1.5
2020-03-01,Delhi,64.1
2020-04-01,Delhi,8.0
2020-05-01,Delhi,26.3
2020-06-01,Delhi,36.4
2020-07-01,Delhi,144.7
2020-08-01,Delhi,191.2
2020-09-01,Delhi,12.5
2020-10-01,Delhi,0.0
2020-11-01,Delhi,1.8
2020-12-01,Delhi,0.5
2020-01-01,Chennai,55.0
2020-02-01,Chennai,0.1
2020-03-01,Chennai,0.0
2020-04-01,Chennai,17.3
2020-05-01,Chennai,0.6
2020-06-01,Chennai,16.3
2020-07-01,Chennai,170.7
2020-08-01,Chennai,76.9
2020-09-01,Chennai,141.5
2020-10-01,Chennai,185.0
2020-11-01,Chennai,463.0
2020-12-01,Chennai,217.2
2020-01-01,Kolkata,40.9
2020-02-01,Kolkata,6.7
2020-03-01,Kolkata,54.9
2020-04-01,Kolkata,64.1
2020-05-01,Kolkata,282.2
2020-06-01,Kolkata,446.5
2020-07-01,Kolkata,339.5
2020-08-01,Kolkata,406.7
2020-09-01,Kolkata,192.4
2020-10-01,Kolkata,64.7
2020-11-01,Kolkata,12.0
2020-12-01,Kolkata,0.0
2020-01-01,Bengaluru,0.0
2020-02-01,Bengaluru,0.0
2020-03-01,Bengaluru,13.6
2020-04-01,Bengaluru,91.8
2020-05-01,Bengaluru,105.0
2020-06-01,Bengaluru,118.7
2020-07-01,Bengaluru,176.6
2020-08-01,Bengaluru,77.5
2020-09-01,Bengaluru,205.6
2020-10-01,Bengaluru,170.5
2020-11-01,Bengaluru,70.2
2020-12-01,Bengaluru,19.0
2020-01-01,Hyderabad,5.5
2020-02-01,Hyderabad,4.5
2020-03-01,Hyderabad,10.6
2020-04-01,Hyderabad,28.4
2020-05-01,Hyderabad,23.5
2020-06-01,Hyderabad,169.1
2020-07-01,Hyderabad,151.3
2020-08-01,Hyderabad,273.9
2020-09-01,Hyderabad,252.7
2020-10-01,Hyderabad,282.7
2020-11-01,Hyderabad,8.7
2020-12-01,Hyderabad,0.0
2020-01-01,Jaipur,0.1
2020-02-01,Jaipur,0.0
2020-03-01,Jaipur,18.8
2020-04-01,Jaipur,8.9
2020-05-01,Jaipur,33.5
2020-06-01,Jaipur,50.8
2020-07-01,Jaipur,105.9
2020-08-01,Jaipur,406.2
2020-09-01,Jaipur,52.9
2020-10-01,Jaipur,0.0
2020-11-01,Jaipur,8.1
2020-12-01,Jaipur,0.3
2020-01-01,Ahmedabad,0.0
2020-02-01,Ahmedabad,0.0
2020-03-01,Ahmedabad,4.5
2020-04-01,Ahmedabad,0.0
2020-05-01,Ahmedabad,0.0
2020-06-01,Ahmedabad,146.6
2020-07-01,Ahmedabad,155.4
2020-08-01,Ahmedabad,493.0
2020-09-01,Ahmedabad,85.6
2020-10-01,Ahmedabad,11.7
2020-11-01,Ahmedabad,0.0
2020-12-01,Ahmedabad,6.4
2020-01-01,Bhopal,4.1
2020-02-01,Bhopal,0.0
2020-03-01,Bhopal,20.2
2020-04-01,Bhopal,0.4
2020-05-01,Bhopal,22.1
2020-06-01,Bhopal,316.3
2020-07-01,Bhopal,152.2
2020-08-01,Bhopal,731.0
2020-09-01,Bhopal,140.6
2020-10-01,Bhopal,12.5
2020-11-01,Bhopal,0.3
2020-12-01,Bhopal,8.3
2020-01-01,Nagpur,33.5
2020-02-01,Nagpur,10.3
2020-03-01,Nagpur,43.2
2020-04-01,Nagpur,12.5
2020-05-01,Nagpur,12.9
2020-06-01,Nagpur,183.9
2020-07-01,Nagpur,266.8
2020-08-01,Nagpur,374.2
2020-09-01,Nagpur,125.9
2020-10-01,Nagpur,28.6
2020-11-01,Nagpur,6.0
2020-12-01,Nagpur,0.2
2020-01-01,Guwahati,13.8
2020-02-01,Guwahati,21.0
2020-03-01,Guwahati,17.7
2020-04-01,Guwahati,155.8
2020-05-01,Guwahati,282.6
2020-06-01,Guwahati,359.4
2020-07-01,Guwahati,339.0
2020-08-01,Guwahati,120.0
2020-09-01,Guwahati,400.7
2020-10-01,Guwahati,240.8
2020-11-01,Guwahati,10.8
2020-12-01,Guwahati,3.0
2020-01-01,Thiruvananthapuram,20.0
2020-02-01,Thiruvananthapuram,4.6
2020-03-01,Thiruvananthapuram,27.4
2020-04-01,Thiruvananthapuram,89.4
2020-05-01,Thiruvananthapuram,262.4
2020-06-01,Thiruvananthapuram,200.7
2020-07-01,Thiruvananthapuram,100.1
2020-08-01,Thiruvananthapuram,140.9
2020-09-01,Thiruvananthapuram,252.3
2020-10-01,Thiruvananthapuram,146.7
2020-11-01,Thiruvananthapuram,147.7
2020-12-01,Thiruvananthapuram,55.1
2021-01-01,Mumbai,3.6
2021-02-01,Mumbai,19.6
2021-03-01,Mumbai,0.3
2021-04-01,Mumbai,0.0
2021-05-01,Mumbai,139.6
2021-06-01,Mumbai,788.2
2021-07-01,Mumbai,1258.4
2021-08-01,Mumbai,338.6
2021-09-01,Mumbai,772.3
2021-10-01,Mumbai,104.8
2021-11-01,Mumbai,30.3
2021-12-01,Mumbai,69.5
2021-01-01,Delhi,29.3
2021-02-01,Delhi,1.8
2021-03-01,Delhi,2.9
2021-04-01,Delhi,1.4
2021-05-01,Delhi,89.2
2021-06-01,Delhi,29.9
2021-07-01,Delhi,231.1
2021-08-01,Delhi,139.6
2021-09-01,Delhi,218.0
2021-10-01,Delhi,70.0
2021-11-01,Delhi,0.0
2021-12-01,Delhi,2.9
2021-01-01,Chennai,185.6
2021-02-01,Chennai,4.5
2021-03-01,Chennai,0.0
2021-04-01,Chennai,19.8
2021-05-01,Chennai,18.8
2021-06-01,Chennai,47.1
2021-07-01,Chennai,205.3
2021-08-01,Chennai,185.2
2021-09-01,Chennai,103.2
2021-10-01,Chennai,245.8
2021-11-01,Chennai,1026.1
2021-12-01,Chennai,131.8
2021-01-01,Kolkata,0.0
2021-02-01,Kolkata,0.6
2021-03-01,Kolkata,0.0
2021-04-01,Kolkata,7.5
2021-05-01,Kolkata,293.9
2021-06-01,Kolkata,430.2
2021-07-01,Kolkata,574.4
2021-08-01,Kolkata,302.1
2021-09-01,Kolkata,436.6
2021-10-01,Kolkata,188.9
2021-11-01,Kolkata,4.9
2021-12-01,Kolkata,87.6
2021-01-01,Bengaluru,19.1
2021-02-01,Bengaluru,18.7
2021-03-01,Bengaluru,0.0
2021-04-01,Bengaluru,53.7
2021-05-01,Bengaluru,84.0
2021-06-01,Bengaluru,100.4
2021-07-01,Bengaluru,172.2
2021-08-01,Bengaluru,113.7
2021-09-01,Bengaluru,110.7
2021-10-01,Bengaluru,252.0
2021-11-01,Bengaluru,271.9
2021-12-01,Bengaluru,17.4
2021-01-01,Hyderabad,0.6
2021-02-01,Hyderabad,8.6
2021-03-01,Hyderabad,0.0
2021-04-01,Hyderabad,19.7
2021-05-01,Hyderabad,48.8
2021-06-01,Hyderabad,181.4
2021-07-01,Hyderabad,272.5
2021-08-01,Hyderabad,145.3
2021-09-01,Hyderabad,264.6
2021-10-01,Hyderabad,73.1
2021-11-01,Hyderabad,32.8
2021-12-01,Hyderabad,1.2
2021-01-01,Jaipur,8.7
2021-02-01,Jaipur,0.0
2021-03-01,Jaipur,4.2
2021-04-01,Jaipur,2.6
2021-05-01,Jaipur,96.9
2021-06-01,Jaipur,42.4
2021-07-01,Jaipur,196.8
2021-08-01,Jaipur,182.7
2021-09-01,Jaipur,129.8
2021-10-01,Jaipur,21.7
2021-11-01,Jaipur,0.3
2021-12-01,Jaipur,2.7
2021-01-01,Ahmedabad,0.1
2021-02-01,Ahmedabad,0.0
2021-03-01,Ahmedabad,0.0
2021-04-01,Ahmedabad,0.0
2021-05-01,Ahmedabad,101.8
2021-06-01,Ahmedabad,143.9
2021-07-01,Ahmedabad,122.1
2021-08-01,Ahmedabad,40.5
2021-09-01,Ahmedabad,348.6
2021-10-01,Ahmedabad,5.0
2021-11-01,Ahmedabad,5.1
2021-12-01,Ahmedabad,8.2
2021-01-01,Bhopal,3.5
2021-02-01,Bhopal,0.7
2021-03-01,Bhopal,20.9
2021-04-01,Bhopal,1.3
2021-05-01,Bhopal,46.2
2021-06-01,Bhopal,259.7
2021-07-01,Bhopal,244.5
2021-08-01,Bhopal,276.2
2021-09-01,Bhopal,222.1
2021-10-01,Bhopal,53.9
2021-11-01,Bhopal,0.0
2021-12-01,Bhopal,7.2
2021-01-01,Nagpur,1.3
2021-02-01,Nagpur,8.8
2021-03-01,Nagpur,23.1
2021-04-01,Nagpur,5.1
2021-05-01,Nagpur,32.8
2021-06-01,Nagpur,227.0
2021-07-01,Nagpur,325.2
2021-08-01,Nagpur,160.4
2021-09-01,Nagpur,314.7
2021-10-01,Nagpur,22.9
2021-11-01,Nagpur,3.7
2021-12-01,Nagpur,13.0
2021-01-01,Guwahati,0.9
2021-02-01,Guwahati,3.2
2021-03-01,Guwahati,30.5
2021-04-01,Guwahati,51.5
2021-05-01,Guwahati,191.6
2021-06-01,Guwahati,275.5
2021-07-01,Guwahati,268.0
2021-08-01,Guwahati,295.6
2021-09-01,Guwahati,171.5
2021-10-01,Guwahati,123.9
2021-11-01,Guwahati,0.0
2021-12-01,Guwahati,8.0
2021-01-01,Thiruvananthapuram,165.3
2021-02-01,Thiruvananthapuram,14.4
2021-03-01,Thiruvananthapuram,42.2
2021-04-01,Thiruvananthapuram,81.0
2021-05-01,Thiruvananthapuram,544.2
2021-06-01,Thiruvananthapuram,101.3
2021-07-01,Thiruvananthapuram,150.0
2021-08-01,Thiruvananthapuram,100.7
2021-09-01,Thiruvananthapuram,158.2
2021-10-01,Thiruvananthapuram,422.4
2021-11-01,Thiruvananthapuram,538.3
2021-12-01,Thiruvananthapuram,75.5
2022-01-01,Mumbai,7.6
2022-02-01,Mumbai,0.0
2022-03-01,Mumbai,0.1
2022-04-01,Mumbai,0.0
2022-05-01,Mumbai,0.7
2022-06-01,Mumbai,258.8
2022-07-01,Mumbai,1534.0
2022-08-01,Mumbai,677.0
2022-09-01,Mumbai,685.3
2022-10-01,Mumbai,200.4
2022-11-01,Mumbai,0.0
2022-12-01,Mumbai,0.0
2022-01-01,Delhi,67.4
2022-02-01,Delhi,17.9
2022-03-01,Delhi,0.1
2022-04-01,Delhi,0.1
2022-05-01,Delhi,40.6
2022-06-01,Delhi,24.1
2022-07-01,Delhi,164.6
2022-08-01,Delhi,58.0
2022-09-01,Delhi,166.1
2022-10-01,Delhi,110.6
2022-11-01,Delhi,0.0
2022-12-01,Delhi,0.0
2022-01-01,Chennai,58.6
2022-02-01,Chennai,0.0
2022-03-01,Chennai,1.9
2022-04-01,Chennai,0.1
2022-05-01,Chennai,48.0
2022-06-01,Chennai,131.9
2022-07-01,Chennai,98.8
2022-08-01,Chennai,127.2
2022-09-01,Chennai,73.7
2022-10-01,Chennai,163.0
2022-11-01,Chennai,459.8
2022-12-01,Chennai,225.7
2022-01-01,Kolkata,17.6
2022-02-01,Kolkata,45.4
2022-03-01,Kolkata,0.0
2022-04-01,Kolkata,0.0
2022-05-01,Kolkata,203.0
2022-06-01,Kolkata,102.3
2022-07-01,Kolkata,153.3
2022-08-01,Kolkata,296.8
2022-09-01,Kolkata,326.9
2022-10-01,Kolkata,101.1
2022-11-01,Kolkata,0.0
2022-12-01,Kolkata,1.6
2022-01-01,Bengaluru,2.1
2022-02-01,Bengaluru,0.0
2022-03-01,Bengaluru,11.0
2022-04-01,Bengaluru,55.5
2022-05-01,Bengaluru,250.0
2022-06-01,Bengaluru,201.9
2022-07-01,Bengaluru,144.2
2022-08-01,Bengaluru,353.6
2022-09-01,Bengaluru,177.0
2022-10-01,Bengaluru,270.2
2022-11-01,Bengaluru,60.6
2022-12-01,Bengaluru,68.5
2022-01-01,Hyderabad,32.4
2022-02-01,Hyderabad,0.0
2022-03-01,Hyderabad,1.2
2022-04-01,Hyderabad,14.0
2022-05-01,Hyderabad,46.4
2022-06-01,Hyderabad,138.9
2022-07-01,Hyderabad,323.9
2022-08-01,Hyderabad,107.9
2022-09-01,Hyderabad,157.8
2022-10-01,Hyderabad,127.4
2022-11-01,Hyderabad,0.3
2022-12-01,Hyderabad,11.9
2022-01-01,Jaipur,51.5
2022-02-01,Jaipur,3.7
2022-03-01,Jaipur,1.9
2022-04-01,Jaipur,0.0
2022-05-01,Jaipur,11.0
2022-06-01,Jaipur,77.6
2022-07-01,Jaipur,282.4
2022-08-01,Jaipur,215.2
2022-09-01,Jaipur,101.3
2022-10-01,Jaipur,87.4
2022-11-01,Jaipur,13.9
2022-12-01,Jaipur,0.0
2022-01-01,Ahmedabad,1.3
2022-02-01,Ahmedabad,0.0
2022-03-01,Ahmedabad,0.0
2022-04-01,Ahmedabad,0.0
2022-05-01,Ahmedabad,0.0
2022-06-01,Ahmedabad,35.6
2022-07-01,Ahmedabad,437.1
2022-08-01,Ahmedabad,203.1
2022-09-01,Ahmedabad,89.4
2022-10-01,Ahmedabad,29.1
2022-11-01,Ahmedabad,0.0
2022-12-01,Ahmedabad,0.0
2022-01-01,Bhopal,30.4
2022-02-01,Bhopal,0.0
2022-03-01,Bhopal,0.1
2022-04-01,Bhopal,0.0
2022-05-01,Bhopal,3.1
2022-06-01,Bhopal,96.9
2022-07-01,Bhopal,702.7
2022-08-01,Bhopal,730.8
2022-09-01,Bhopal,238.4
2022-10-01,Bhopal,112.8
2022-11-01,Bhopal,0.0
2022-12-01,Bhopal,5.4
2022-01-01,Nagpur,25.7
2022-02-01,Nagpur,1.9
2022-03-01,Nagpur,0.1
2022-04-01,Nagpur,0.0
2022-05-01,Nagpur,4.3
2022-06-01,Nagpur,116.7
2022-07-01,Nagpur,667.6
2022-08-01,Nagpur,367.5
2022-09-01,Nagpur,272.4
2022-10-01,Nagpur,97.6
2022-11-01,Nagpur,0.0
2022-12-01,Nagpur,0.6
2022-01-01,Guwahati,34.0
2022-02-01,Guwahati,30.9
2022-03-01,Guwahati,32.7
2022-04-01,Guwahati,200.1
2022-05-01,Guwahati,406.9
2022-06-01,Guwahati,535.4
2022-07-01,Guwahati,260.4
2022-08-01,Guwahati,199.7
2022-09-01,Guwahati,211.5
2022-10-01,Guwahati,205.6
2022-11-01,Guwahati,3.7
2022-12-01,Guwahati,2.7
2022-01-01,Thiruvananthapuram,18.1
2022-02-01,Thiruvananthapuram,42.4
2022-03-01,Thiruvananthapuram,24.0
2022-04-01,Thiruvananthapuram,210.6
2022-05-01,Thiruvananthapuram,204.9
2022-06-01,Thiruvananthapuram,83.5
2022-07-01,Thiruvananthapuram,117.5
2022-08-01,Thiruvananthapuram,156.6
2022-09-01,Thiruvananthapuram,77.3
2022-10-01,Thiruvananthapuram,224.4
2022-11-01,Thiruvananthapuram,235.7
2022-12-01,Thiruvananthapuram,105.1
2023-01-01,Mumbai,0.0
2023-02-01,Mumbai,0.0
2023-03-01,Mumbai,17.4
2023-04-01,Mumbai,2.7
2023-05-01,Mumbai,2.5
2023-06-01,Mumbai,491.8
2023-07-01,Mumbai,2025.4
2023-08-01,Mumbai,288.9
2023-09-01,Mumbai,530.5
2023-10-01,Mumbai,43.3
2023-11-01,Mumbai,24.0
2023-12-01,Mumbai,0.0
2023-01-01,Delhi,12.6
2023-02-01,Delhi,0.0
2023-03-01,Delhi,48.1
2023-04-01,Delhi,7.5
2023-05-01,Delhi,67.0
2023-06-01,Delhi,93.3
2023-07-01,Delhi,229.7
2023-08-01,Delhi,78.5
2023-09-01,Delhi,78.5
2023-10-01,Delhi,5.0
2023-11-01,Delhi,5.6
2023-12-01,Delhi,0.5
2023-01-01,Chennai,1.6
2023-02-01,Chennai,0.1
2023-03-01,Chennai,49.6
2023-04-01,Chennai,7.3
2023-05-01,Chennai,49.3
2023-06-01,Chennai,131.5
2023-07-01,Chennai,73.0
2023-08-01,Chennai,210.1
2023-09-01,Chennai,211.7
2023-10-01,Chennai,42.3
2023-11-01,Chennai,463.7
2023-12-01,Chennai,409.7
2023-01-01,Kolkata,0.0
2023-02-01,Kolkata,0.1
2023-03-01,Kolkata,58.2
2023-04-01,Kolkata,63.8
2023-05-01,Kolkata,85.2
2023-06-01,Kolkata,290.3
2023-07-01,Kolkata,228.0
2023-08-01,Kolkata,364.9
2023-09-01,Kolkata,265.2
2023-10-01,Kolkata,150.2
2023-11-01,Kolkata,3.1
2023-12-01,Kolkata,21.1
2023-01-01,Bengaluru,0.0
2023-02-01,Bengaluru,0.0
2023-03-01,Bengaluru,26.0
2023-04-01,Bengaluru,20.8
2023-05-01,Bengaluru,185.3
2023-06-01,Bengaluru,58.0
2023-07-01,Bengaluru,88.0
2023-08-01,Bengaluru,15.0
2023-09-01,Bengaluru,162.6
2023-10-01,Bengaluru,59.9
2023-11-01,Bengaluru,73.7
2023-12-01,Bengaluru,4.3
2023-01-01,Hyderabad,1.3
2023-02-01,Hyderabad,0.0
2023-03-01,Hyderabad,44.0
2023-04-01,Hyderabad,79.3
2023-05-01,Hyderabad,69.7
2023-06-01,Hyderabad,81.3
2023-07-01,Hyderabad,358.7
2023-08-01,Hyderabad,45.5
2023-09-01,Hyderabad,197.7
2023-10-01,Hyderabad,1.5
2023-11-01,Hyderabad,11.7
2023-12-01,Hyderabad,6.5
2023-01-01,Jaipur,24.3
2023-02-01,Jaipur,0.0
2023-03-01,Jaipur,38.0
2023-04-01,Jaipur,12.0
2023-05-01,Jaipur,76.9
2023-06-01,Jaipur,98.7
2023-07-01,Jaipur,306.7
2023-08-01,Jaipur,31.4
2023-09-01,Jaipur,68.4
2023-10-01,Jaipur,0.1
2023-11-01,Jaipur,1.8
2023-12-01,Jaipur,1.2
2023-01-01,Ahmedabad,0.8
2023-02-01,Ahmedabad,0.0
2023-03-01,Ahmedabad,7.7
2023-04-01,Ahmedabad,3.0
2023-05-01,Ahmedabad,23.6
2023-06-01,Ahmedabad,135.4
2023-07-01,Ahmedabad,346.3
2023-08-01,Ahmedabad,22.1
2023-09-01,Ahmedabad,215.8
2023-10-01,Ahmedabad,0.0
2023-11-01,Ahmedabad,35.1
2023-12-01,Ahmedabad,0.5
2023-01-01,Bhopal,16.3
2023-02-01,Bhopal,0.0
2023-03-01,Bhopal,40.7
2023-04-01,Bhopal,34.1
2023-05-01,Bhopal,29.2
2023-06-01,Bhopal,125.3
2023-07-01,Bhopal,353.7
2023-08-01,Bhopal,177.3
2023-09-01,Bhopal,259.1
2023-10-01,Bhopal,0.2
2023-11-01,Bhopal,13.6
2023-12-01,Bhopal,11.6
2023-01-01,Nagpur,0.5
2023-02-01,Nagpur,0.0
2023-03-01,Nagpur,10.7
2023-04-01,Nagpur,71.5
2023-05-01,Nagpur,72.7
2023-06-01,Nagpur,111.2
2023-07-01,Nagpur,421.7
2023-08-01,Nagpur,172.7
2023-09-01,Nagpur,285.8
2023-10-01,Nagpur,5.9
2023-11-01,Nagpur,26.3
2023-12-01,Nagpur,8.4
2023-01-01,Guwahati,0.0
2023-02-01,Guwahati,3.3
2023-03-01,Guwahati,88.6
2023-04-01,Guwahati,74.3
2023-05-01,Guwahati,122.9
2023-06-01,Guwahati,386.8
2023-07-01,Guwahati,328.6
2023-08-01,Guwahati,254.0
2023-09-01,Guwahati,157.6
2023-10-01,Guwahati,158.6
2023-11-01,Guwahati,7.1
2023-12-01,Guwahati,17.5
2023-01-01,Thiruvananthapuram,18.8
2023-02-01,Thiruvananthapuram,9.3
2023-03-01,Thiruvananthapuram,28.6
2023-04-01,Thiruvananthapuram,88.3
2023-05-01,Thiruvananthapuram,119.9
2023-06-01,Thiruvananthapuram,73.2
2023-07-01,Thiruvananthapuram,107.7
2023-08-01,Thiruvananthapuram,17.4
2023-09-01,Thiruvananthapuram,246.7
2023-10-01,Thiruvananthapuram,396.7
2023-11-01,Thiruvananthapuram,304.6
2023-12-01,Thiruvananthapuram,305.7
2024-01-01,Mumbai,0.2
2024-02-01,Mumbai,0.0
2024-03-01,Mumbai,0.3
2024-04-01,Mumbai,0.0
2024-05-01,Mumbai,19.1
2024-06-01,Mumbai,500.3
2024-07-01,Mumbai,1824.4
2024-08-01,Mumbai,655.7
2024-09-01,Mumbai,545.4
2024-10-01,Mumbai,156.0
2024-11-01,Mumbai,0.0
2024-12-01,Mumbai,0.0
2024-01-01,Delhi,0.0
2024-02-01,Delhi,21.5
2024-03-01,Delhi,10.7
2024-04-01,Delhi,5.6
2024-05-01,Delhi,0.5
2024-06-01,Delhi,63.5
2024-07-01,Delhi,122.0
2024-08-01,Delhi,231.5
2024-09-01,Delhi,187.7
2024-10-01,Delhi,0.0
2024-11-01,Delhi,0.0
2024-12-01,Delhi,22.6
2024-01-01,Chennai,68.5
2024-02-01,Chennai,0.0
2024-03-01,Chennai,0.0
2024-04-01,Chennai,0.0
2024-05-01,Chennai,25.9
2024-06-01,Chennai,166.2
2024-07-01,Chennai,166.0
2024-08-01,Chennai,116.1
2024-09-01,Chennai,136.7
2024-10-01,Chennai,340.3
2024-11-01,Chennai,307.8
2024-12-01,Chennai,305.1
2024-01-01,Kolkata,7.5
2024-02-01,Kolkata,33.2
2024-03-01,Kolkata,26.5
2024-04-01,Kolkata,7.1
2024-05-01,Kolkata,339.2
2024-06-01,Kolkata,85.2
2024-07-01,Kolkata,272.3
2024-08-01,Kolkata,490.4
2024-09-01,Kolkata,387.6
2024-10-01,Kolkata,258.9
2024-11-01,Kolkata,0.3
2024-12-01,Kolkata,5.7
2024-01-01,Bengaluru,0.9
2024-02-01,Bengaluru,0.0
2024-03-01,Bengaluru,0.0
2024-04-01,Bengaluru,0.1
2024-05-01,Bengaluru,101.6
2024-06-01,Bengaluru,103.5
2024-07-01,Bengaluru,49.5
2024-08-01,Bengaluru,128.4
2024-09-01,Bengaluru,33.1
2024-10-01,Bengaluru,217.9
2024-11-01,Bengaluru,21.6
2024-12-01,Bengaluru,52.8
2024-01-01,Hyderabad,0.0
2024-02-01,Hyderabad,0.0
2024-03-01,Hyderabad,1.6
2024-04-01,Hyderabad,5.0
2024-05-01,Hyderabad,84.0
2024-06-01,Hyderabad,114.0
2024-07-01,Hyderabad,123.8
2024-08-01,Hyderabad,176.5
2024-09-01,Hyderabad,239.0
2024-10-01,Hyderabad,49.5
2024-11-01,Hyderabad,6.2
2024-12-01,Hyderabad,22.7
2024-01-01,Jaipur,0.1
2024-02-01,Jaipur,16.2
2024-03-01,Jaipur,3.4
2024-04-01,Jaipur,1.9
2024-05-01,Jaipur,1.3
2024-06-01,Jaipur,49.4
2024-07-01,Jaipur,186.8
2024-08-01,Jaipur,587.9
2024-09-01,Jaipur,220.3
2024-10-01,Jaipur,0.0
2024-11-01,Jaipur,0.0
2024-12-01,Jaipur,12.6
2024-01-01,Ahmedabad,0.0
2024-02-01,Ahmedabad,0.0
2024-03-01,Ahmedabad,5.0
2024-04-01,Ahmedabad,1.0
2024-05-01,Ahmedabad,7.3
2024-06-01,Ahmedabad,74.4
2024-07-01,Ahmedabad,328.2
2024-08-01,Ahmedabad,466.6
2024-09-01,Ahmedabad,213.6
2024-10-01,Ahmedabad,14.9
2024-11-01,Ahmedabad,0.0
2024-12-01,Ahmedabad,0.0
2024-01-01,Bhopal,13.7
2024-02-01,Bhopal,11.5
2024-03-01,Bhopal,2.4
2024-04-01,Bhopal,42.4
2024-05-01,Bhopal,13.8
2024-06-01,Bhopal,148.1
2024-07-01,Bhopal,485.8
2024-08-01,Bhopal,360.7
2024-09-01,Bhopal,223.0
2024-10-01,Bhopal,22.2
2024-11-01,Bhopal,0.0
2024-12-01,Bhopal,39.5
2024-01-01,Nagpur,2.7
2024-02-01,Nagpur,12.9
2024-03-01,Nagpur,26.0
2024-04-01,Nagpur,59.0
2024-05-01,Nagpur,39.2
2024-06-01,Nagpur,142.5
2024-07-01,Nagpur,550.2
2024-08-01,Nagpur,193.2
2024-09-01,Nagpur,211.2
2024-10-01,Nagpur,14.4
2024-11-01,Nagpur,0.1
2024-12-01,Nagpur,3.6
2024-01-01,Guwahati,1.7
2024-02-01,Guwahati,5.5
2024-03-01,Guwahati,28.0
2024-04-01,Guwahati,42.6
2024-05-01,Guwahati,284.1
2024-06-01,Guwahati,432.9
2024-07-01,Guwahati,376.6
2024-08-01,Guwahati,343.6
2024-09-01,Guwahati,151.0
2024-10-01,Guwahati,144.7
2024-11-01,Guwahati,8.3
2024-12-01,Guwahati,1.5
2024-01-01,Thiruvananthapuram,41.0
2024-02-01,Thiruvananthapuram,1.9
2024-03-01,Thiruvananthapuram,11.0
2024-04-01,Thiruvananthapuram,56.3
2024-05-01,Thiruvananthapuram,392.0
2024-06-01,Thiruvananthapuram,207.4
2024-07-01,Thiruvananthapuram,157.7
2024-08-01,Thiruvananthapuram,134.2
2024-09-01,Thiruvananthapuram,79.5
2024-10-01,Thiruvananthapuram,250.0
2024-11-01,Thiruvananthapuram,204.9
2024-12-01,Thiruvananthapuram,170.4
